{"stats":{"minecraft:mined":{"minecraft:grass":14,"minecraft:acacia_log":2,"minecraft:grass_block":1,"minecraft:tall_grass":8},"minecraft:custom":{"minecraft:open_chest":1,"minecraft:time_since_rest":5489,"minecraft:play_one_minute":5489,"minecraft:sprint_one_cm":9035,"minecraft:damage_taken":80,"minecraft:walk_one_cm":8878,"minecraft:walk_under_water_one_cm":517,"minecraft:mob_kills":3,"minecraft:drop":1,"minecraft:jump":91,"minecraft:damage_dealt":350,"minecraft:walk_on_water_one_cm":119,"minecraft:time_since_death":5489,"minecraft:swim_one_cm":1502,"minecraft:interact_with_crafting_table":2,"minecraft:fall_one_cm":3171,"minecraft:fly_one_cm":18022},"minecraft:killed":{"minecraft:horse":1,"minecraft:cow":2},"minecraft:picked_up":{"minecraft:leather":3,"minecraft:wheat_seeds":1,"minecraft:acacia_log":2,"minecraft:beef":2,"minecraft:dirt":1},"minecraft:dropped":{"minecraft:wheat_seeds":1},"minecraft:used":{"minecraft:wooden_sword":24,"minecraft:dirt":1,"minecraft:crafting_table":1},"minecraft:crafted":{"minecraft:wooden_sword":1,"minecraft:acacia_planks":8,"minecraft:crafting_table":1,"minecraft:stick":4}},"DataVersion":2586}